เก่า,ใหม่,2.19
หลักแหลม,ฉลาด,8.44
ยาก,ยาก,10
สุข,ร่าเริง,6.67
ยาก,ง่าย,2.29
ด่วน,รวดเร็ว,7.19
สุข,ยินดี,5.31
สั้น,ยาว,2.4
เซ่อ,ทึ่ม,7.19
พิกล,แปลกประหลาด,7.6
กว้าง,แคบ,2.29
แย่,ห่วย,8.54
ง่าย,ยาก,2.19
เลว,แย่,6.77
ยาก,ง่าย,1.98
หลักแหลม,ทึ่ม,1.98
วิกลจริต,บ้า,8.65
สุข,บ้าคลั่ง,0.73
ใหญ่,ใหญ่,10
ยาก,ยาก,10
ใหม่,สด,7.4
แหลม,ทื่อ,1.67
เร็ว,ว่องไว,8.54
ทึ่ม,โง่,8.44
มหัศจรรย์,เป็นเลิศ,3.65
แปลก,แปลก,9.9
สุข,โกรธ,1.67
แคบ,กว้าง,2.19
เรียบ,ง่าย,4.17
เก่า,สด,1.25
ชัดเจน,ชัดเจน,10
ไม่แพง,ย่อมเยา,8.54
ดี,ใจกว้าง,3.33
ประหลาด,ปกติ,1.35
ประหลาด,แปลก,7.81
เลว,ชั่ว,8.23
เศร้า,สนุกสนาน,2.08
มหัศจรรย์,ยอดเยี่ยม,6.04
รู้สึกผิด,ละอาย,7.92
งดงาม,มหัศจรรย์,4.38
มั่นใจ,แน่ใจ,8.85
ทึ่ม,หัวทึบ,7.81
กว้าง,ใหญ่,7.5
ดี,โหดร้าย,1.46
ใจร้อน,กระวนกระวาย,4.48
ใหญ่,กว้าง,6.98
แข็งแรง,ภูมิใจ,0.42
ไม่จำเป็น,จำเป็น,1.98
กระสับกระส่าย,อ่อนวัย,0.21
ทึ่ม,ฉลาด,1.88
เลว,ยอดเยี่ยม,0.73
ยาก,ง่าย,1.98
จำเป็น,สำคัญ,8.44
ชั่วร้าย,เป็นเลิศ,0.21
บ้า,ยินดี,0.42
ซื่อสัตย์,รู้สึกผิด,0.94
ง่าย,ยาก,1.77
ง่าย,ยืดหยุ่น,1.25
แน่นอน,แน่นอน,9.9
จำเป็น,จำเป็น,9.9
แตกต่าง,ปกติ,1.15
เจ้าเล่ห์,ฉลาด,5.1
สำคัญมาก,สำคัญ,8.85
รุนแรง,โหดร้าย,5.73
ใสซื่อ,โง่,3.23
ขาดแคลน,หายาก,7.92
เป็นมิตร,ใจดี,7.08
บอบบาง,เยือกเย็น,0.52
ยาว,แคบ,1.67
ใหญ่,หนัก,2.6
หยาบ,เย็นชา,1.35
ผิดปกติ,แปลก,7.92
ผิดกฏหมาย,ผิดศีลธรรม,5.52
เลว,รู้สึกผิด,1.04
ทันสมัย,โบราณ,1.77
ใหม่,โบราณ,1.56
น่าเบื่อ,สนุกสนาน,1.77
มีความสุข,อ่อนวัย,0.94
ง่าย,ใหญ่,0.21
ยอดเยี่ยม,แย่,1.77
เล็ก,ใหญ่,1.98
สุภาพ,เหมาะสม,4.38
เจียมเนื้อเจียมตัว,ละอาย,2.5
แปลกใหม่,หายาก,2.6
ทึ่ม,ฉลาด,2.08
รื่นรมย์,มหัศจรรย์,1.46
เห็นได้ชัด,ชัดเจน,8.44
กลัว,กระวนกระวาย,5.1
เป็นทางการ,เหมาะสม,4.9
น่าเบื่อ,เบื่อ,9.06
น่ารื่นรมย์,ร่าเริง,6.88
เศร้า,โกรธ,3.44
เศร้า,แย่,3.65
ป่วย,บ้า,1.56
รุนแรง,โกรธ,3.75
ภาระ,หนัก,3.02
สกปรก,ถูก,0.42
ยืดหยุ่น,ยืดหยุ่น,10
แข็ง,หนาแน่น,5.42
ล่าสุด,ใหม่,9.38
กล้าหาญ,ภูมิใจ,3.13
เจ้าเล่ห์,แปลก,0.1
แปลก,เจ้าเล่ห์,0.1
ทึ่ม,หายาก,0
เจ้าเล่ห์,กุ๊ย,0.42
ยอดเยี่ยม,บ้า,0.1
พอเหมาะ,ยืดหยุ่น,1.77
สดใหม่,กว้าง,0
ใหญ่,ทึ่ม,0
ใหญ่,ยืดหยุ่น,0.1
สกปรก,แคบ,0.83
ภรรยา,สามี,4.27
หนังสือ,ข้อความ,3.96
เจ้าบ่าว,เจ้าสาว,4.48
กลางคืน,กลางวัน,3.65
ทิศใต้,ทิศเหนือ,3.65
เครื่องบิน,สนามบิน,3.96
ลุง,ป้า,4.06
ม้า,แม่ม้า,4.27
ก้น ,จุดสูงสุด,0.83
เพื่อน,คู่หู,6.46
นักเรียน,นักเรียน,10
โลก,โลก,9.38
ขา,แขน,3.54
เครื่องบิน,เครื่องบินเจ็ต,6.15
สุภาพสตรี,สุภาพบุรุษ,3.23
ม้า,ม้าตัวผู้,5.31
นักแสดงหญิง,นักแสดงชาย,3.33
อาจารย์,ผู้สอน,8.65
หนัง,ฟิล์ม,5.42
นก,เหยี่ยว,5.94
คำ,พจนานุกรม,3.75
เงิน,เงินเดือน,5.63
หมา,แมว,3.13
พื้นที่,ภูมิภาค,5.1
กองทัพเรือ,กองทัพบก,4.58
หนังสือ,วรรณกรรม,5.31
เสื้อผ้า,ตู้เสื้อผ้า,4.27
พระอาทิตย์ตก,พระอาทิตย์ขึ้น,3.54
เด็ก,ผู้ใหญ่,3.96
วัว,ปศุสัตว์,3.54
หนังสือ,เรื่องราว,3.33
ฤดูหนาว,ฤดูร้อน,3.44
แท็กซี่,แท็กซี่,10
ต้นไม้,ต้นเมเปิล,6.67
เตียง,ห้องนอน,4.17
หลังคา,เพดาน,4.9
โรค,การติดเชื้อ,5.73
แขน,ไหล่,4.06
แกะ,ลูกแกะ,5.73
สตรี,บุรุษ,3.13
เรือ,สมอ,3.54
นักบวช,พระ,6.35
นิ้วเท้า,นิ้วมือ,3.44
แม่น้ำ,สายน้ำ,6.46
โกรธ,โกรธ,10
วันที่,ปฏิทิน,3.96
ทะเล,มหาสมุทร,8.02
วินาที,นาที,4.27
มือ,หัวแม่มือ,3.65
ป่าไม้,ซุง,3.23
โคลน,ดิน,5.63
ห้องโถง,ทางเดิน,3.33
ทาง,มารยาท,0.21
หนู,แมว,2.5
ตำรวจ,นายอำเภอ,3.23
ความตาย,พิธีฝังศพ,3.54
เพลง,ทำนอง,3.75
เบียร์,แอลกอฮอล์,5.21
ปาก,ริมฝีปาก,5.94
พายุ,พายุเฮอริเคน,7.19
ภาษี,รายได้,2.81
ดอกไม้,สีม่วง,0.52
กระดาษ,กระดาษแข็ง,6.15
ชั้น,เพดาน,1.35
ชายหาด,ชายทะเล,8.13
ไม้เรียว,ผ้าม่าน,0
สุนัข,สุนัขจิ้งจอก,5.63
ถนน,ตรอก,4.38
เรือ,ดาดฟ้าเรือ,3.44
รถยนต์,แตรรถยนต์,3.54
เพื่อน,แขก,1.46
นายจ้าง,ลูกจ้าง,3.02
มือ,ข้อมือ,3.75
ลูกบอล,ปืนใหญ่,0.21
แอลกอฮอล์,บรั่นดี,5.52
ชัยชนะ,ชัยชนะ,10
โทรศัพท์,บูธ,0.1
ประตู,ทางเข้าประตู,4.58
โรงแรมม่านรูด,โรงแรม,6.15
เสื้อผ้า,ผ้า,4.38
สเต็ก,เนื้อสัตว์,4.27
เล็บ,หัวแม่มือ,3.02
วงดนตรี,วงออเคสตรา,6.35
หนังสือ,ไบเบิล,5.1
ธุรกิจ,อุตสาหกรรม,4.58
ฤดูหนาว,ฤดูกาล,5.52
ทศวรรษ,ศตวรรษ,5.21
แอลกอฮอล์,จิน,3.54
หมวก,เสื้อโค้ท,2.81
หน้าต่าง,ประตู,2.92
แขน,ข้อมือ,3.13
บ้าน,อพาร์ทเม้น,4.27
กระจก,คริสตัล,1.25
ไวน์,บรั่นดี,4.79
ผู้สร้าง,ผู้สร้าง,10
อาหารค่ำ,อาหารเช้า,3.23
แขน,กล้ามเนื้อ,3.02
ฟอง,น้ำสบู่,2.92
ขนมปัง,แป้ง,3.96
ความตาย,โศกนาฏกรรม,4.9
ขาดแคลน,การมีอยู่,1.04
ปืน,ปืนใหญ่,6.15
หญ้า,ใบมีด,0.63
ลูกบอล,ตะกร้า,0.52
ท่อ,สวน,0.1
เด็กผู้ชาย,เด็ก,6.35
โบสถ์,คณะประสานเสียง,1.88
เสื้อผ้า,ลิ้นชัก,1.46
หอคอย,ระฆัง,2.08
บิดา,ผู้ปกครอง,6.35
โรงเรียน,เกรด,2.92
ผู้ปกครอง,ผู้ใหญ่,4.69
บาร์,คุก,0.42
รถยนต์,ทางหลวง,3.23
พจนานุกรม,คำนิยาม,3.75
ประตู,ห้องใต้ดิน,1.25
กองทัพบก,กองทหาร,4.69
โลหะ,อลูมิเนียม,4.69
เก้าอี้,ม้านั่ง,6.56
เมฆ,หมอก,5.63
เด็กผู้ชาย,บุตรชาย,5.31
น้ำ,น้ำแข็ง,4.9
เตียง,ผ้าห่ม,3.13
อัยการ,ทนายความ,4.48
พื้นที่,โซน,6.46
ธุรกิจ,บริษัท,4.79
เสื้อผ้า,ผ้า,4.17
เสื้อกันหนาว,แจ็คเก็ต,6.35
เงิน,เงินทุน,6.04
มือ,เท้า,3.23
แอลกอฮอล์,ค็อกเทล,5.42
หลา,นิ้ว,3.33
โมเลกุล,อะตอม,4.69
เลนส์,กล้องถ่ายรูป,3.85
อาหาร,อาหารเย็น,5.73
ตา,น้ำตา,3.85
พระเจ้า,ปีศาจ,1.35
ห่วง,เข็มขัด,0.63
หนู,หนู,10
เครื่องยนต์,เครื่องยนต์,10
รถ,แท็กซี่,6.56
แมว,สิงโต,3.96
ขนาด,ขนาด,10
ความจริง,จินตนาการ,1.25
ประตู,ประตู,10
แมว,สัตว์เลี้ยง,5.42
ดีบุก,อลูมิเนียม,3.54
กระดูก,กราม,3.75
ธัญพืช,ข้าวสาลี,5.42
บ้าน,กุญแจ,2.71
เลือด,เนื้อ,2.71
ประตู,ทางเดิน,1.56
พระเจ้า,วิญญาณ,1.15
สมรรถภาพ,สมรรถภาพ,10
ความอุดมสมบูรณ์,ความอุดมสมบูรณ์,10
โซฟา,เก้าอี้,5.63
ผนัง,อิฐ,3.02
เขา,กลอง,0
อวัยวะ,ตับ,5.1
ความแข็งแรง,ความแข็งแรง,9.38
วลี,คำ,6.98
วงดนตรี,ขบวนแห่,2.81
ท้อง,เอว,3.65
เมฆ,พายุ,2.81
ความปิติยินดี,ความภาคภูมิใจ,6.04
สัญญาณรบกวน,เสียงอึกทึก,3.13
ฝน,หมอก,3.33
เบียร์,เครื่องดื่ม,5.42
ผู้ชาย,ลุง,4.38
แอปเปิ้ล,น้ำผลไม้,4.06
ชาญฉลาด,ตรรกะ,3.96
การสื่อสาร,ภาษา,5.83
ขนมิงค์,ขนสัตว์,6.04
ฝูงชน,ฝูงชน,9.58
ฝั่งทะเล,ชายฝั่ง,6.56
ลวด,เชือก,4.27
นก,ไก่งวง,4.38
เตียง,เปล,4.69
ความสามารถ,ความสามารถ,10
เมฆ,หมอก,4.79
อาหารมื้อเย็น,อาหาร,6.15
บาร์,กรง,0.1
น้ำ,เกลือ,0.63
ความรู้สึก,สัญชาตญาณ,6.15
สถานการณ์,เงื่อนไข,2.5
อาชญากรรม,โจรกรรม,5
สไตล์,แฟชั่น,5.21
เขตแดน,ชายแดน,5.73
แขน,ร่างกาย,4.38
เรือ,รถ,3.02
แซนด์วิช,อาหารกลางวัน,3.23
เจ้าสาว,เจ้าหญิง,1.77
นางเอก,พระเอก,3.02
รถ,วัด,0.1
แมลง,ผึ้ง,5.31
เปล,เปล,9.9
สัตว์,คน,3.13
กัญชา,สมุนไพร,5.21
เตียง,โรงพยาบาล,2.29
แก้ม,ลิ้น,2.71
แผ่นดิสก์,คอมพิวเตอร์,3.02
เส้นโค้ง,มุม,2.19
หญ้า,ตะไคร่น้ำ,1.98
โรงเรียน,กฎหมาย,0.63
เท้า,หัว,2.29
แม่,ผู้ปกครอง,5.73
ทันตแพทย์,ทันตแพทย์,10
เหล้า,วิสกี้,6.04
ปาก,ฟัน,3.96
อาหารเช้า,เบคอน,3.23
ห้องน้ำ,ห้องนอน,3.13
จาน,ชาม,5.21
เนื้อ,เบคอน,5
อากาศ,ฮีเลียม,4.06
คนงาน,ลูกจ้าง,7.29
ร่างกาย,หน้าอก,3.54
ลูกชาย,พ่อ,2.6
หัวใจ,ศัลยกรรม,0.83
ผู้หญิง,เลขานุการ,1.15
ผู้ชาย,พ่อ,3.44
ชายหาด,เกาะ,2.92
เรื่องราว,หัวข้อ,2.5
เกมส์,ความสนุกสนาน,3.23
วันสุดสัปดาห์,สัปดาห์,3.33
คู่สามีภรรยา,คู่,4.58
ผู้หญิง,ภรรยา,3.44
แกะ,ปศุสัตว์,3.65
กระเป๋าเหรียญ,กระเป๋า,6.04
เพดาน,โบสถ์,1.04
ถั่ว,กาแฟ,0.94
ไม้,กระดาษ,2.4
ด้านบน,ด้านข้าง,3.23
อาชญากรรม,หลอกลวง,3.33
เจ็บปวด,เสียหาย,2.6
คนรัก,สหาย,3.85
ตอนเย็น,พลบค่ำ,6.88
พ่อ,ลูกสาว,2.81
ไวน์,สุรา,5.31
วัว,แพะ,3.33
ความเชื่อ,ความเห็น,2.4
ความจริง,ภาพมายา,1.67
ข้อสัญญา,ข้อตกลง,7.4
ความมั่งคั่ง,ความยากจน,2.19
อุบัติเหตุ,ภาวะฉุกเฉิน,4.17
การต่อสู้,ชัยชนะ,2.92
เพื่อน,ครู,1.04
ความเจ็บป่วย,การติดเชื้อ,5
เกมส์,เคล็ดลับ,1.25
พี่ชาย,บุตรชาย,2.6
ป้า,หลานชาย,2.71
พี่ชาย,บุตรชาย,2.5
ป้า,หลานชาย,2.71
โอ๊ก,เมเปิ้ล,3.75
ผึ้ง,ราชินี,1.98
รถยนต์,จักรยาน,4.27
เป้าหมาย,การแสวงหา,3.44
สิงหาคม,เดือน,5
กองทัพบก,กลุ่มทหาร,4.17
ก้อนเมฆ,สภาพอากาศ,3.54
แพทย์,คุณหมอ,8.85
หุบเขาลึก,หุบเขา,8.23
แม่น้ำ,หุบเขา,2.08
ดวงอาทิตย์,ท้องฟ้า,3.23
เป้า,ลูกศร,2.6
ช็อคโกแลต,พาย,2.4
สภาวะแวดล้อม,สถานการณ์,2.5
ความเห็น,ตัวเลือก,2.6
จังหวะ,ทำนอง,5.63
ไส้พุง,เส้นประสาท,1.88
วัน,รุ่งอรุณ,1.77
ปศุสัตว์,เนื้อวัว,3.13
คุณหมอ,ศาสตราจารย์,3.33
แขน,หลอดเลือดดำ,1.88
ห้อง,อ่างอาบน้ำ,1.04
บริษัท,ธุรกิจ,4.27
ความสนุกสนาน,ฟุตบอล,2.19
เนินเขา,หน้าผา,2.92
กระดูก,ข้อเท้า,2.71
แอปเปิ้ล,ลูกอม,1.35
ผู้ช่วยเหลือ,แม่บ้าน,2.19
ผู้นำ,ผู้จัดการ,3.96
มะนาว,ชา,1.88
ผึ้ง,มด,3.13
บาสเกตบอล,เบสบอล,4.38
ข้าว,ถั่ว,1.88
เตียง,เฟอร์นิเจอร์,4.58
อารมณ์,ความหลงใหล,4.27
อนาธิปไตย,ความสับสนวุ่นวาย,3.13
อาชญากรรม,การละเมิด,3.23
เครื่องจักร,เครื่องยนต์,5.73
ชายหาด,ทะเล,4.17
ซอย,ชาม,0.1
โถ,ขวด,2.81
ความแข็งแรง,สมรรถภาพ,3.96
เมล็ด,มัสตาด,0.42
กีตาร์,กลอง,3.96
ความคิดเห็น,ความคิด,5.94
ทิศเหนือ,ทิศตะวันตก,4.79
อาหาร,สลัด,4.27
แม่,ภรรยา,4.79
พ่อ,แม่,3.54
กัปตัน,กะลาสี,3.96
เมตร,หลา,3.75
เบียร์,แชมเปญ,5.1
มอเตอร์,เรือ,2.6
บัตร,สะพาน,0.1
วิทยาศาสตร์,จิตวิทยา,3.02
คนบาป,นักบุญ,2.08
การทำลาย,การก่อสร้าง,1.56
ฝูงชน,พวง,0.83
ชายหาด,โขดหิน,2.5
ชาย,เด็ก,1.46
ขนมปัง,ชีส,2.4
แชมป์,ผู้ชนะ,8.54
งานเฉลิมฉลอง,พิธี,6.25
เมนู,คำสั่งซื้อ,3.54
กษัตริย์,เจ้าหญิง,3.33
ความมั่งคั่ง,ศักดิ์ศรี,2.29
ความอดทน,ความแข็งแรง,3.44
อันตราย,การคุกคาม,5.1
พระเจ้า,นักบวช,2.71
ผู้ชาย,พี่น้องชาย,3.44
เพื่อน,สหาย,8.02
ครู,ผู้ช่วย,2.6
ร่างกาย,กระเพาะอาหาร,2.81
ลิ้น,ช่องคอ,2.71
บ้าน,พรม,2.6
สติปัญญา,ความสามารถ,5
การเดินทาง,ชัยชนะ,0.31
พระเจ้า,เหยื่อ,0
พี่น้องชาย,จิตวิญญาณ,0.52
ฝ่ายตรงข้าม,คู่ต่อสู้,8.44
ความตาย,ภัยพิบัติ,3.13
สัตว์ประหลาด,ปิศาจ,6.15
วัน,ตอนเช้า,1.88
ผู้ชาย,ผู้ชนะ,0.21
เพื่อน,ผู้ชาย,1.04
เพลง,เรื่องราว,2.4
รังสี,แดด,3.85
ผู้ชาย,แกน,0
ไก่,ข้าว,1.88
กล่อง,ลิฟต์,1.25
เนย,มันฝรั่ง,1.98
อพาร์ทเม้น,เฟอร์นิเจอร์,1.98
ทะเลสาบ,บึง,5.73
สลัด,น้ำส้มสายชู,1.88
ดอกไม้,กระเปาะ,1.35
เมฆ,หมอก,4.79
คนขับรถ,นักบิน,3.44
น้ำตาล,น้ำผึ้ง,3.54
ร่างกาย,ไหล่,3.75
ความคิด,ภาพ,1.67
พ่อ,พี่ชาย,2.5
ดวงจันทร์,ดาวเคราะห์,4.38
งานรื่นเริง,ชุดแต่งกาย,1.88
ราง,รั้ว,1.15
ห้อง,เตียง,2.29
ดอกไม้,พุ่มไม้,4.27
กระดูก,เข่า,2.81
แขน,เข่า,2.71
ด้านล่าง,ด้านข้าง,3.44
ท่อ,เส้นเลือดดำ,0.94
แมว,กระต่าย,2.71
เนื้อสัตว์,แซนด์วิช,1.88
ความเชื่อ,แนวคิด,4.38
สติปัญญา,ข้อมูลเชิงลึก,2.4
ความสนใจ,ดอกเบี้ย,0.1
ทัศนคติ,ความมั่นใจ,1.77
ถูกต้อง,ความยุติธรรม,5.94
ข้อโต้แย้ง,ข้อตกลง,2.19
ความลึก,ขนาด,2.92
สื่อกลาง,ข่าว,3.65
ผู้ชนะ,ผู้สมัคร,1.35
วันเกิด,วันที่,2.5
ค่าธรรมเนียม,การชำระเงิน,3.44
คัมภีร์ไบเบิล,เพลงสวด,2.29
ทางออก,ทางเข้าประตู,3.33
ผู้ชาย,ทหารยาม,1.67
ทางเดินระหว่างที่นั่ง,ห้องโถง,2.29
วิสกี้,เหล้าจิน,4.17
เลือด,ไขกระดูก,2.29
น้ำมัน,ตัวมิงค์,0.31
พื้น,ดาดฟ้า,1.25
หลังคา,พื้น,1.77
ประตู,พื้น,1.56
ไหล่,ศีรษะ,2.71
ตู้สินค้ารถไฟ,การขนส่ง,3.02
รถยนต์,การขนส่ง,3.23
ศอก,ข้อเท้า,2.4
ความมั่งคั่ง,ชื่อเสียง,3.65
ความเศร้าโศก,ความอัปยศ,3.65
การบริหาร,การจัดการ,7.19
การสื่อสาร,การสนทนา,7.92
มลพิษ,บรรยากาศ,3.13
กายวิภาคศาสตร์,ชีววิทยา,3.85
วิทยาลัย,อาชีพ,1.56
หนังสือ,หัวข้อเรื่อง,2.29
สูตร,สมการ,6.56
หนังสือ,สารสนเทศ,3.75
เด็กผู้ชาย,หุ้นส่วน,0.1
ท้องฟ้า,จักรวาล,3.54
ประชากร,คน,5.94
วิทยาลัย,ชั้นเรียน,3.33
หัวหน้า,นายกเทศมนตรี,3.54
นักบวช,รัฐมนตรี,0.21
เมตร,นิ้ว,3.85
ใยสังเคราะห์,ฝ้าย,3.85
ทนายความ,นายธนาคาร,0.52
ไวโอลิน,เครื่องดนตรี,5.21
ค่าย,กระท่อม,1.46
หม้อ,เครื่องใช้,4.17
ผ้าลินิน,ผ้า,5.94
วิสกี้,แชมเปญ,5.1
เด็กผู้หญิง,เด็ก,5.63
กระท่อม,กระท่อม,10
นก,แม่ไก่,3.33
เสียงรบกวน,สัญญาณรบกวน,6.46
พระอาทิตย์ตก,ตอนเย็น,5.31
ละอองฝน,ฝน,6.25
ผู้ใหญ่,ทารก,1.88
ถ่าน,ถ่านหิน,5.94
ร่างกาย,กระดูกสันหลัง,2.71
หัว,เล็บ,2.29
ท่อนซุง,ไม้,5.52
ช้อน,ถ้วย,3.33
ร่างกาย,เส้นประสาท,3.33
ผู้ชาย,สามี,3.54
กระดูก,คอ,2.71
ความผิดหวัง,ความโกรธ,2.81
แม่น้ำ,ทะเล,4.06
ภารกิจ,งาน,6.04
สโมสร,สังคม,4.06
ภาพสะท้อน,ภาพ,4.27
เจ้าชาย,กษัตริย์,4.27
หิมะ,สภาพอากาศ,4.38
คน,พรรค,1.56
เด็กผู้ชาย,พี่น้องชาย,3.23
ราก,หญ้า,2.92
คิ้ว,ตา,3.13
เงิน,ไข่มุก,2.19
เงิน,เพชร,2.19
พาหนะ,รถบัส,5.42
แท็กซี่,รถบัส,4.58
บ้าน,ยุ้งฉาง,2.19
นิ้วมือ,ฝ่ามือ,3.23
รถยนต์,สะพาน,1.56
ความพยายาม,ความยาก,2.5
ความจริง,เข้าใจ,1.04
งาน,การจัดการ,2.4
มะเร็ง,โรคภัย,5.21
คำ,หนังสือพิมพ์,1.98
นักแต่งเพลง,นักเขียน,4.79
นักแสดงชาย,นักร้อง,3.13
ที่พัก,กระท่อม,5.52
ห้องน้ำ,ห้องครัว,3.54
กระท่อม,กระท่อม,10
ประตู,ห้องครัว,1.88
คุณค่า,ความเชื่อ,1.67
ภูมิปัญญา,ความฉลาด,4.48
ความไม่รู้,ความฉลาด,1.15
ความสุข,โชคดี,2.29
ความคิด,โครงการ,1.35
อารมณ์,อารมณ์,8.96
ความสุข,ความสงบ,3.75
สิ้นหวัง,ความทุกข์ยาก,4.06
ตรรกะ,คณิตศาสตร์,5.31
ปฏิเสธ,ยอมรับ,1.77
ข้อโต้แย้ง,คำวิจารณ์,3.65
การรุกราน,การมุ่งร้าย,5.73
ความบ้าคลั่ง,ความสับสน,2.81
เคมี,ทฤษฎี,2.6
การทดลอง,คำตัดสิน,1.04
ความสะดวกสบาย,ความปลอดภัย,2.71
ความมั่นใจ,ตนเอง,1.15
วิสัยทัศน์,การรับรู้,1.35
ยุคสมัย,ทศวรรษ ,3.65
ชีวประวัติ,นวนิยาย,2.6
การอภิปราย,ข้อโต้แย้ง,3.75
รหัส,สัญลักษณ์,3.65
อันตราย,โรค,3.33
อุบัติเหตุ,ภัยพิบัติ,3.54
การเดินทาง,การเดินทาง,10
กิจกรรม,การเคลื่อนไหว,3.85
การนินทา,ข่าว,2.08
พ่อ,พระเจ้า,0.73
การกระทำ,หลักสูตร,0.73
ไข้,ความเจ็บป่วย,6.35
การบิน,เที่ยวบิน,5.31
เกม,การกระทำ,1.67
โมเลกุล,อากาศ,2.92
บ้าน,รัฐ,0.63
คำ,วรรณกรรม,2.71
ผู้ใหญ่,ผู้ปกครอง,5.21
หนังสือพิมพ์,ข่าวสาร,5.83
การสื่อสาร,โทรทัศน์,3.65
ลูกพี่ลูกน้อง,ลุง,2.92
ผู้เขียน,ผู้อ่าน,3.13
ผู้ชาย,หุ้นส่วน,0.73
พื้นที่,มุม,2.08
บทกวี,เพลง,3.96
ผนัง,การตกแต่ง,2.6
คำ,หน้า,0.63
พยาบาล,นักวิทยาศาสตร์,1.88
นักการเมือง,ประธาน,1.67
ประธาน,นายกเทศมนตรี,2.81
หนังสือ,เรียงความ,3.23
ผู้ชาย,นักรบ,2.5
บทความ,วารสาร,5.21
อาหารเช้า,อาหารเย็น,4.06
ฝูงชน,ขบวนแห่,3.65
ทางเดินระหว่างที่นั่ง,ห้องโถง,2.71
ครู,อาจารย์ในศาสนายิว,4.48
สะโพก,ริมฝีปาก,2.5
หนังสือ,บทความ,4.48
ห้อง,เซลล์,0.63
กล่อง,บูธ,0.83
ลูกสาว,เด็ก,3.65
แขนขา,ขา,3.85
ตับ,ปอด,3.65
ห้องเรียน,ห้องโถง,2.29
ภูเขา,หิ้ง,0.21
รถยนต์,ลิฟต์,0.21
เตียง,โซฟา,3.23
เสื้อผ้า,กระดุม,3.54
เสื้อผ้า,เสื้อคลุม,5
ไต,อวัยวะ,4.27
แอปเปิ้ล,ซอส,0.31
ไก่,สเต็ก,3.02
รถ,ท่อ,2.5
ยาสูบ,บุหรี่,7.08
นักเรียน,ศาสตราจารย์,3.13
ทารก,ลูกสาว,3.33
ท่อ,ซิการ์,0.63
นม,น้ำผลไม้,2.5
กล่อง,บุหรี่,1.67
อพาร์ทเม้น,โรงแรม,5.63
ถ้วย,รูปกรวย,1.35
ม้า,วัว,3.23
ลำคอ,จมูก,3.44
กระดูก,ฟัน,3.75
กระดูก,ข้อศอก,3.54
เบคอน,ถั่ว,1.67
ถ้วย,โถ,2.71
พิสูจน์,ความจริง,4.27
การแต่งตั้ง,การหมั้น,0.94
วันเกิด,ปี,2.5
คำ,เงื่อนงำ,0.73
ผู้เขียน,ผู้สร้าง,3.75
อะตอม,คาร์บอน,3.23
หัวหน้าบาทหลวง,พระราชาคณะ,3.85
จดหมาย,ย่อหน้า,2.71
หน้ากระดาษ,ย่อหน้า,2.4
หอสูง,โบสถ์,1.56
กล้ามเนื้อ,กระดูก,3.33
กล้ามเนื้อ,ลิ้น,3.23
เด็กผู้ชาย,ทหาร,1.77
หน้าท้อง,ส่วนท้อง,5.42
ผู้ชาย,เด็กหญิง,2.08
เตียง,เก้าอี้,2.92
เสื้อผ้า,แจ็คเก็ต,5.42
ปืน,มีด,3.96
ดีบุก,โลหะ,4.48
ขวด,ภาชนะ,4.9
แม่ไก่,ไก่งวง,4.48
เนื้อ,ขนมปัง,2.5
แขน,กระดูก,3.54
คอ,กระดูกสันหลัง,3.65
แอปเปิ้ล,มะนาว,2.71
ความทุกข์ทรมาน,ความเศร้าโศก,5.42
การบ้าน,ภารกิจ,4.48
กลางคืน,รุ่งอรุณ,2.71
อาหารเย็น,ซุป,2.6
ลูกวัว,วัว,5.94
หิมะ,พายุ,3.33
เล็บ,มือ,3.54
สุนัข,ม้า,2.4
แขน,คอ,2.81
ลูกบอล,ถุงมือ,1.56
ไข้หวัด,ไข้,7.19
ค่าธรรมเนียม,เงินเดือน,0.83
เส้นประสาท,สมอง,4.17
สัตว์ป่า,สัตว์,6.77
อาหารเย็น,ไก่,1.77
เด็กหญิง,แม่บ้าน,1.04
เด็ก,เด็กผู้ชาย,5.83
แอลกอฮอล์,ไวน์,6.15
จมูก,ปาก,3.44
ถนน,รถ,3.02
ระฆัง,ประตู,0.1
กล่อง,หมวก,0.1
ความเชื่อ,ความประทับใจ,0.52
อคติ,ความคิดเห็น,1.15
ความสนใจ,ความตระหนัก,2.4
ความโกรธ,อารมณ์,4.69
ความงดงาม,สไตล์,2.19
ความงาม,อายุ,1.67
หนังสือ,กระทู้,1.04
เพื่อน,มารดา,0.94
วิตามิน,เหล็ก,1.98
รถ,โรงงาน,1.56
ข้อตกลง,เงื่อนไข,7.19
บท,ทางเลือก,0.42
คณิตศาสตร์,จังหวะ,0
ผู้ชนะ,การมีอยู่,0
ความเชื่อ,ดอกไม้,0.1
ผู้ชนะ,เป้าหมาย,1.67
เคล็ดลับ,ขนาด,0.42
ทางเลือก,หลอดเลือดดำ,0
เพลงสรรเสริญ,ชัยชนะ,1.77
ทนทาน,วงดนตรี,0
คุก,ทางเลือก,0.1
เงื่อนไข,เด็กผู้ชาย,0
ดอกไม้,ความอดทน,0
หลุม,ข้อตกลง,0
แพทย์,อารมณ์,0.1
ชมรม,ประตู,0
ภารกิจ,ผู้หญิง,0
ชมรม,กีฬาเบสบอล,2.92
เหรียญเซนต์,ขนาด,0.31
การมี,ประตู,0.21
หนู,การจัดการ,0
ภารกิจ,ทางหลวง,0
สุรา,ศตวรรษ,0.21
ภารกิจ,ฟางข้าว,0
เกาะ,ภารกิจ,0
กลางคืน,บท,0
มลพิษ,ประธาน,0.21
ปืน,เคล็ดลับ,0.31
อ่างอาบน้ำ,เล่ห์เหลี่ยม,0
อาหาร,แอปเปิ้ล,3.23
เหรียญเซนต์,ภรรยา,0
บท,หาง,0
หลักสูตร,กระเพาะอาหาร,0
เพลงสรรเสริญ,ฟางข้าว,0
ทันตแพทย์,พันเอก,0.42
ภรรยา,ฟางข้าว,0
หลุม,ภรรยา,0
นักเรียน,ประธาน,1.15
อ่างอาบน้ำ,ภรรยา,0.31
คน,เหรียญเซนต์,0
สูตร,บันทึก,1.15
สุภาพสตรี,ขนสัตว์,0.21
แอปเปิ้ล,แสงอาทิตย์,0
ปืน,รุ่งอรุณ,0
อาหาร,เอว,0.21
กล้องถ่ายรูป,ประธาน,0
สุรา,วงดนตรี,1.04
พุง,เส้นเลือด,2.08
ปืน,ขนสัตว์,0.1
โซฟา,เบสบอล,0
แรงงาน,กล้องถ่ายรูป,0.21
ชั้น,หนู,0.1
ข้าว,เด็กผู้ชาย,0
คน,ปืน,0.42
หน้าผา,หาง,0
ข้อเท้า,หน้าต่าง,0
เจ้าหญิง,เกาะ,0
ภาชนะ,เม้าส์,0
รถบรรทุก,ภาชนะ,0.31
คน,บอลลูน,0.21
ดอลลาร์,คน,0.52
อ่างอาบน้ำ,บอลลูน,0
กระเพาะอาหาร,ห้องนอน,0
จักรยาน,ห้องนอน,0
บันทึก,อ่างอาบน้ำ,0
ชาม,หาง,0
ไป,มา,2.08
หยิบ,ขโมย,2.71
ฟัง,ได้ยิน,6.25
คิด,ให้เหตุผล,3.85
เกิดขึ้น,เกิดขึ้น,10
หายไป,หายไป,10
คูณ,หาร,4.17
วิงวอน,ร้องขอ,7.29
เริ่ม,ริเริ่มจาก,8.54
ป้องกัน,แก้ต่าง,2.81
ฆ่า,ทำลาย,4.79
สร้าง,ทำ,6.15
ยอมรับ,ปฏิเสธ,2.29
มองข้าม,หลบเลี่ยง,3.44
พกพา,นำมา,6.04
ออกจาก,เข้า,2.29
เลือก,เลือก,10
สูญเสีย,ล้มเหลว,3.96
ส่งเสริม,กีดกัน,1.56
บรรลุ,ทำสำเร็จ,7.5
ทำ,สร้าง,5.83
ฟัง,เชื่อฟัง,4.69
แจ้ง,แจ้งให้ทราบ,8.33
รับ,ให้,3.02
ยืม,ขอ,3.85
หยิบ,ได้รับ,2.29
แนะนำ,แนะนำ,10
เลียนแบบ,วาดภาพ,1.88
ชนะ,สำเร็จ,4.27
คิด,ตัดสิน,2.71
ทักทาย,พบ,2.29
เห็นด้วย,โต้เถียง,1.77
เพลิดเพลิน,ทำให้เพลิดเพลิน,6.46
ทำลาย,สร้าง,2.5
ประหยัด,ป้องกัน,0.42
ให้,ยืม,2.5
เข้าใจ,รับรู้,4.17
หยิบ,ได้รับ,2.4
ยอมรับ,รับทราบ,4.27
ตัดสินใจ,เลือก,5.63
ยอมรับ,เชื่อ,3.85
เก็บ,ครอบครอง,4.06
เตร่,ระเหเร่ร่อน,6.98
สำเร็จ,ล้มเหลว,1.98
ใช้จ่าย,ประหยัด,2.4
ออกจาก,ไป,4.17
มา,เข้าร่วม,3.33
ทราบ,เชื่อ,1.67
ชุมนุม,พบ,2.71
ทำ,ได้รับ,1.46
ลืม,มองข้าม,3.85
คูณ,บวก,4.06
หด,เติบโต,1.56
มาถึง,ออกจาก,1.56
สำเร็จ,ลอง,1.04
ยอมรับ,ปฏิเสธ,1.77
มาถึง,มา,5.31
เห็นด้วย,เห็นต่าง,2.4
ส่ง,รับ,2.29
ชนะ,ครอบงำ,0.94
บวก,หาร,3.96
ฆ่า,สำลัก,0.21
ได้มา,ได้รับ,5.52
มีส่วนร่วม,เข้าร่วม,5.42
ออกจาก,คงอยู่,1.77
ไป,เข้า,2.71
เอา,พกพา,2.4
ลืม,เรียนรู้,1.56
แต่งตั้ง,เลือกตั้ง,3.44
ว่าจ้าง,แต่งงาน,0.1
ถาม,อธิษฐาน,0.52
ไป,ส่ง,1.98
เอา,ส่งมอบ,1.46
พูด,ได้ยิน,2.08
วิเคราะห์,ประเมินผล,4.48
โต้เถียง,คิดด้วยเหตุผล,1.98
เสียไป,เก็บไว้,1.56
เปรียบเทียบ,วิเคราะห์,4.27
ทำให้สับสน,จัดระเบียบ,1.46
ไป,อนุญาต,1.35
เอา,ครอบครอง,3.33
เรียนรู้,ฟัง,3.44
ทำลาย,สร้าง,2.08
สร้าง,สร้าง,10
ขโมย,ซื้อ,1.04
ฆ่า,แขวน,0.42
ลืม,รับรู้,1.25
สร้าง,จินตนาการ,1.46
ทำ,เกิดขึ้น,2.08
ชนะ,ทำสำเร็จ,5.1
ให้,ปฏิเสธ,1.77
คู่ควร,ได้รับ,2.6
ได้รับ,วาง,0.94
ตั้งอยู่,ค้นหา,0.31
ปรากฏ,เข้าร่วม,0.83
เข้าใจ,จับความ,3.13
แกล้งทำ,จินตนาการ,0.73
พอใจ,โปรด,3.65
หวงแหน,เก็บไว้,3.13
โต้เถียง,แตกต่าง,2.71
เอาชนะ,ครอบงำ,1.15
ประพฤติ,เชื่อฟัง,1.35
ร่วมมือกัน,มีส่วนร่วม,5.21
บรรลุ,พยายาม,1.98
ล้มเหลว,กีดกัน,0.83
เริ่ม,เลิก,1.98
พูด,มีส่วนร่วม,1.35
มา,พามา,3.13
ประกาศ,ประกาศ,10
อ่าน,เข้าใจ,2.4
หยิบ,จากไป,0.42
ประกาศ,ประกาศ,10
ได้รับ,ได้รับ,10
สรุป,ตัดสินใจ,3.54
โปรด,วิงวอน,3.23
โต้เถียง,พิสูจน์,0.94
ถาม,ขอร้อง,1.77
ค้นหา,สูญหาย,2.6
ตรวจ,ตรวจสอบ,7.29
ตรวจสอบ,แสดงเหตุผล,1.88
สมมติ,ทำนาย,3.44
เรียนรู้,ประเมิน,1.25
โต้เถียง,แสดงเหตุผล,3.44
สร้าง,กลายเป็น,0.73
ค้นพบ,ริเริ่มจาก,2.71
บรรลุ,สำเร็จ,6.98
ให้,วาง,1.35
เข้าใจ,ฟัง,1.98
ขยายตัว,เติบโต,6.25
ยืม,ขาย,0.63
เก็บไว้,ป้องกัน,1.77
อธิบาย,พิสูจน์,3.23
สันนิษฐาน,แกล้งทำ,0.42
เห็นด้วย,โปรด,0.73
ให้อภัย,ลืม,0.83
ขยายความ,อธิบาย,6.25
เข้าใจ,ให้อภัย,2.4
เตือน,ลืม,1.98
ได้รับ,เหลืออยู่,0.78
ตระหนักถึง,ค้นพบ,1.35
ต้องการ,สอบถาม,0.83
มองข้าม,ถาม,0.52
คิด,สอบถาม,0.73
ปฏิเสธ,หลีกเลี่ยง,3.75
เถียง,ชักชวน,0
ไล่ตาม,โน้มน้าว,0.73
ยอมรับ,ยกโทษให้,1.98
ทำ,เลิก,1.25
สอบสวน,ตรวจสอบ,5.52
อภิปราย,อธิบาย,5.83
เป็นหนี้,ให้ยืม,2.5
สำรวจ,ค้นพบ,3.65
ร้องเรียน,โต้เถียง,1.77
ถอน,ปฏิเสธ,1.46
เก็บ,ยืม,1.35
ขอร้อง,ถาม,1.35
เตรียมการ,จัดระเบียบ,2.5
ลด,หด,5.21
พูด,รับทราบ,1.35
ให้,ยืม,1.67
ฆ่า,แก้ต่าง,0.21
หายไป,หด,0.94
ส่งมอบ,พกพา,0
หายใจ,สำลัก,2.29
รับทราบ,แจ้งให้ทราบ,3.23
กลายเป็น,ดูเหมือน,2.19
แกล้งทำ,ดูเหมือน,2.29
ทำสำเร็จ,กลายเป็น,0.83
คิด,คิด,10
กำหนด,ทำนาย,1.98
โปรด,ทำให้เพลิดเพลิน,2.08
อยู่,คงอยู่,7.19
แกล้งทำ,วาดภาพ,0.1
ลืม,คงอยู่,0.21
ต้องการ,เลือก,2.92
สูญหาย,ได้มา,0.73
ลอง,คิด,1.35
กลายเป็น,ปรากฏ,2.4
ออกจาก,มองข้าม,1.04
ยอมรับ,แนะนำ,1.15
ออกจาก,ระเหเร่ร่อน,2.5
เก็บไว้,ให้,1.56
ให้,อนุญาต,3.65
นำมา,ส่ง,2.81
ซึมซับ,เรียนรู้,4.38
ศึกษา,ค้นหา,4.9
ออกจาก,ปรากฏ,0
สร้าง,ทำลาย,2.08
เริ่ม,ไป,1.15
ได้รับ,ซื้อ,1.98
สะสม,ประหยัด,2.71
แทนที่,ฟื้นฟู,1.46
เข้าร่วม,บวก,1.04
เข้าร่วม,แต่งงาน,0.31
ยอมรับ,ส่งมอบ,1.04
แนบ,เข้าร่วม,0.31
วาง,แขวน,2.92
ไป,ขาย,0.42
สื่อสาร,อธิษฐาน,0
ให้,ขโมย,1.04
เพิ่ม,สร้าง,3.54
นำมา,ฟื้นฟู,1.04
เข้าใจ,พอใจ,1.15
วาดภาพ,ตัดสินใจ,0.21
จัดระเบียบ,กลายเป็น,0.1
ให้,รู้,0.1
พูด,ตรวจสอบ,0.31
ร่วมมือ,เข้าร่วม,4.27
เตรียมการ,ต้องการ,1.35
ยืม,ต้องการ,2.4
สอบสวน,ไล่ตาม,2.6
ไม่สนใจ,สำรวจ,0.63
นำมา,บ่น,0
เข้า,เป็นหนี้,0
วาดภาพ,แจ้งให้ทราบ,0
เตือน,ขาย,0
ซึมซับ,ครอบครอง,0.42
เข้าร่วม,ได้มา,1.35
ส่ง,เข้าประชุม,0.1
รวบรวม,เข้าประชุม,0.42
ซึมซับ,ถอน,0
เข้าประชุม,มาถึง,1.25
